-,10
the,5
my,5
if,4
wife,3
read,3
testing,3
checking,2
family,2
after,2
is,2
without,2
once,2
something,2
at,2
all,2
or,2
taking,1
7,1
videos,1
(advanced,1
office,1
3,1
not,1
show,1
month,1
programing),1
8,1
more,1
how,1
love,1
in,1
5,1
with,1
out,1
"nice,",1
learning,1
studing,1
dollar,1
6,1
go,1
"\"i",1
between,1
llm,1
modelity,1
games,1
spend,1
\n,1
sentence,1
faculty,1
abap,1
right!,1
now,1
have,1
year,1
respect,1
masturbation,1
choose,1
(large,1
see,1
language,1
work,1
inglish,1
i,1
soul,1
and,1
quotes,1
important,1
are,1
9,1
finish,1
small,1
continue,1
1,1
model),1
files,1
"\"\\n\"",1
10,1
least,1
time,1
try,1
caracter,1
that,1
home,1
4,1
alone,1
application,1
most,1
a,1
play,1
business,1
"forever\"",1
point,1
line,1
trip,1
worthwhile,1
to,1
2,1
we,1
less,1
empty,1
